epoch_gyr,sfr,mass_formed,d4000_sigma300_agb0,hdelta_a_sigma300_agb0,h_minus_bump_sigma300_agb0,h_minus_bump_r100_agb0,d4000_sigma300_agb2,hdelta_a_sigma300_agb2,h_minus_bump_sigma300_agb2,h_minus_bump_r100_agb2
0.05,0.01639119089702696,0.00041206584406694446,1.0200396384557517,2.60749877577018,0.011178237515369557,0.01038877139966903,1.020039852400964,2.607496041377708,0.011177752532982267,0.010388272025434896
0.1,0.03224053668273353,0.001630088505781835,1.044831177752548,3.3938697736587913,0.009805269546251888,0.009021944925961688,1.0448487099868191,3.3936032813453156,0.009728651285117323,0.008943091293263167
0.15000000000000002,0.04756147122503571,0.003627312822751083,1.0611323086900688,3.8558830211100585,0.00930527041876009,0.008536736668189727,1.0611863566272115,3.855058260036717,0.009012117328662916,0.008235916203258822
0.2,0.06236713233544119,0.006377647898823113,1.0733929891525216,4.199365986584434,0.009025161054315708,0.008268982364967377,1.073481094549489,4.1980144109112665,0.008474041481413949,0.0077045019213851365
0.25,0.07667036788577694,0.009855652454699104,1.0835111856041304,4.481927372352188,0.008856401616411628,0.008109999889641244,1.0836291600173344,4.480106266738987,0.00805125346162087,0.007286222225112956
0.30000000000000004,0.09048374180359597,0.01403652048133397,1.0923301998012873,4.725109230942006,0.008762252837256401,0.008023814920020113,1.0924799431413403,4.722777947476302,0.0076973941490734435,0.006935113464798053
0.35000000000000003,0.1038195399486028,0.01889606719012038,1.1002709367727248,4.939103403152734,0.008718466415640114,0.00798673928545827,1.1004577424113222,4.9361633834951615,0.007379819539599942,0.006618923362287929
0.4,0.116689775872393,0.024410715253978754,1.1075610084783423,5.129181747239279,0.008708553851641477,0.007982632056318615,1.1077909086352555,5.125521611822189,0.007082486691144626,0.0063219624339785245
0.45,0.12910619646375868,0.0305574813335503,1.1143274703337265,5.298221574286365,0.008720821960572537,0.008000017048508721,1.1146069950389954,5.293722368713461,0.00679467144045121,0.006033701613871061
0.5,0.141080287481769,0.03731396288285049,1.1206425221564764,5.448044685367107,0.00874838426871713,0.008032152767217141,1.1209767387058445,5.442612366608567,0.0065168086390527446,0.005754839635756922
0.55,0.15262327897879382,0.044658325228810636,1.1265521040434452,5.580073050316676,0.008785399794227393,0.00807331102144043,1.126946962528501,5.573599907231588,0.006239015828014645,0.005475527127451369
0.6000000000000001,0.1637461506155964,0.05256928891926549,1.1320833374726929,5.695354688587833,0.008827810745222622,0.008119524621382978,1.1325443692068204,5.687741087934839,0.005960668317098097,0.005195276984694164
0.65,0.17445963687058197,0.06102611733404251,1.1372600589343893,5.795002869850311,0.008872576349022665,0.008167827672152315,1.1377912664712844,5.786176854173701,0.005685236119033954,0.004917722239806869
0.7000000000000001,0.18477423214524907,0.0700086045539079,1.1421087261756309,5.8804654996652355,0.00891753061120578,0.00821610788548982,1.142713077761313,5.870374515128777,0.005413802784022025,0.004644040936753491
0.75,0.19470019576785122,0.07949706348223184,1.146657527785072,5.953417599248346,0.008961251937988765,0.008262978212188202,1.147337713599805,5.942015213368935,0.0051447282827455625,0.004372622798754671
0.8,0.20424755689723964,0.08947231421433521,1.1509348901445469,6.015514098748856,0.009002765518440642,0.008307487633055818,1.1516931326897013,6.002763082014608,0.004876815923541296,0.004102293664465473
0.8500000000000001,0.21342611932881947,0.09991567264957135,1.1549688708012922,6.068187873037065,0.009041102221154406,0.008348691036617234,1.155806859114568,6.0540611321704825,0.00460997478472218,0.0038329979162469883
0.9,0.22224546620451535,0.11080893934130032,1.1587892344591402,6.112635584913719,0.009074854026483193,0.008385213386690783,1.1597080554603703,6.097117110646209,0.004345751401207567,0.0035663481499400777
0.9500000000000001,0.23071496462860777,0.12213438857999792,1.1624225489837532,6.149848160633116,0.009102564533739295,0.008415626469418043,1.1634228754917721,6.13292977085368,0.004084614385427518,0.0033028600718248476
1.0,0.23884377019126307,0.13387475770484292,1.1658930055765622,6.180684908400335,0.00912253868125043,0.008438257977452847,1.1669753340554916,6.162362178555376,0.0038251267877241948,0.003041116472330614
1.05,0.24664083140154971,0.14601323663921084,1.16922162404799,6.205861951116778,0.009133378112723774,0.008451725101972576,1.170386272219875,6.186134199353353,0.0035662870458041842,0.0027801299684418216
1.1,0.25411489403169524,0.15853345764559013,1.1724281637074114,6.225991313856601,0.009133708549996544,0.008454660900168855,1.1736750786901755,6.2048648756553275,0.003308149024928265,0.0025199731782295067
1.1500000000000001,0.26127450537430835,0.17141948529553108,1.1755291497185099,6.241597106084876,0.00912252106205259,0.008446058427322293,1.1768579785013056,6.219084041573649,0.003050812687052958,0.0022607563660420457
1.2000000000000002,0.26812801841425576,0.18465580665031522,1.1785327659732001,6.253250051488078,0.009099512894159518,0.008425596723030724,1.1799434456910811,6.229357865519764,0.0027920564188426006,0.0020002109482025543
1.25,0.2746835959168516,0.19822732164811407,1.1814416358552282,6.261530906414215,0.009064843767098955,0.0083934058724028,1.1829347633927882,6.236256080100288,0.0025284310066772545,0.0017348090298257917
1.3,0.28094921443398757,0.21211933369350833,1.18425830287507,6.266927590922251,0.009018849175588355,0.008349797281421973,1.1858348305218904,6.240260681965788,0.002258257225107061,0.0014628214604333564
1.35,0.286932668229798,0.22631754044528618,1.1869862440712966,6.269858940945012,0.008962412530049842,0.008295635397242578,1.1886462834859182,6.241804650441409,0.001985167827852276,0.0011879087175058044
1.4000000000000001,0.2926415731274262,0.2408080247985529,1.189629238315233,6.270678946137964,0.008896538327672792,0.008231910671423056,1.191371783595123,6.241260656251769,0.0017137581103632642,0.0009147122531331387
1.4500000000000002,0.2980833702784277,0.2555772460572347,1.1921906192083973,6.269686663773817,0.008822138375280503,0.008159524723874814,1.1940137349050877,6.238943160959229,0.0014475178408052513,0.0006467570061349235
1.5,0.3032653298563167,0.2706120312931497,1.1946747447055626,6.267128537790577,0.008740303877582373,0.00807956943090645,1.196576104416832,6.235104896559409,0.0011878749312082225,0.0003854812280427579
1.55,0.3081945546757337,0.2858995668878941,1.197085711395309,6.263214282039772,0.008652103734538414,0.007993118114162971,1.1990628034786819,6.2299583785282175,0.0009353967982999112,0.00013145296904856153
1.6,0.31287798373868364,0.301427390253854,1.199427547320407,6.258119972400484,0.00855845413219344,0.007901092204985753,1.2014777490816633,6.223681221345158,0.0006903564885867691,-0.00011505600911224114
1.6500000000000001,0.3173223957092677,0.3171833817307368,1.2017042498858919,6.251992151856123,0.008460071453665821,0.007804213505805542,1.2038249178979425,6.216419958380732,0.00045278309702798125,-0.0003540188626517059
1.7000000000000002,0.32153441231830215,0.3331557566540826,1.2039203957374693,6.244947189104037,0.008357485687851825,0.0077030183790203575,1.2061090055909283,6.208288593992084,0.0002224193949549261,-0.0005856965692639567
1.75,0.32552050169919416,0.3493330575922764,1.2060802739720413,6.237083808612962,0.008251148652140402,0.00759796482673391,1.2083344322570757,6.19938331406897,-1.0383962028088892e-06,-0.000810396762767785
1.8,0.32928698165641584,0.36570414674867324,1.2081875871866432,6.22848876246772,0.008141450073006627,0.007489448041712306,1.2105050107450426,6.1897887010318025,-0.00021787381557958314,-0.0010284064325969586
1.85,0.33284002286789444,0.38225819852547893,1.2102457682048031,6.219238362720203,0.00802877093900397,0.007377854669600285,1.2126242749005367,6.179579099695979,-0.00042834927417034145,-0.001239992002271252
1.9000000000000001,0.3361856520226088,0.398984692246132,1.2122579588706899,6.209400283482682,0.007913476570375836,0.00726355567682057,1.2146954568654902,6.1688204341288255,-0.000632703728301043,-0.0014453967211318485
1.9500000000000002,0.33932975489466044,0.41587340503297066,1.214227002273303,6.199034049414716,0.007795891361129882,0.007146880700797469,1.2167214814244067,6.157570640194349,-0.0008311696289071294,-0.0016448570348852386
2.0,0.3422780793550613,0.4329144048370397,1.2161555031769142,6.188191753404479,0.007676299869323382,0.007028119152309264,1.2187050295184327,6.1458803281187215,-0.0010239786004381294,-0.0018386082192555701
2.0500000000000003,0.34503623832245794,0.45009804361695727,1.2180458384320478,6.176919854471257,0.007554975094249002,0.0069075486883112165,1.2206485581041129,6.133794412182872,-0.0012113670448254887,-0.0020268900813823184
2.1,0.34760971265398666,0.4674149506638119,1.2199003503388026,6.165258974515074,0.007432202767853508,0.0067854599116864795,1.2225545114727812,6.121351608366963,-0.0013936010635453733,-0.0022099720944373886
2.15,0.35000385397743405,0.48485602606913636,1.2217212183592616,6.15324511011909,0.007308248083829499,0.006662122647603403,1.224425170723611,6.108586025799444,-0.0015709420735746471,-0.002388118811000833
2.2,0.35222388746585287,0.5024124343330434,1.2235104254860365,6.140910312832481,0.00718334244518566,0.006537772519927018,1.2262626108049912,6.095528005569381,-0.0017436338319124962,-0.0025615768252804897
2.25,0.354274914555761,0.5200755981096727,1.2252697811836522,6.128283185072929,0.007057687906974181,0.006412615440465458,1.228068724596261,6.0822045959886095,-0.00191190372711613,-0.0027305760974943947
2.3000000000000003,0.35616191561003213,0.537837192087169,1.2270009920490468,6.1153893587669454,0.00693147376558852,0.006286844691243684,1.2298452963765159,6.068639987141093,-0.0020759352967801526,-0.0028953022321114145
2.35,0.3578897525265621,0.5556891369994377,1.228705679131945,6.1022518712928955,0.006804879548272908,0.006160643943275921,1.2315940200039717,6.0548558715549285,-0.002235870166704716,-0.003055898449132153
2.4000000000000004,0.35946317129377725,0.5736235937670036,1.230385350637948,6.08889144014954,0.006678066974271335,0.006034178866784978,1.233316470844231,6.040871727416856,-0.0023918335068777276,-0.003212491289675391
2.45,0.360886804494029,0.5916329577643373,1.2320414176994057,6.075326417363599,0.006551175467237762,0.005907592474652043,1.2350141222822784,6.026704759561214,-0.002543951045466317,-0.0033652077933786825
2.5,0.3621651737558985,0.6097098532110699,1.233675139575962,6.061573823529142,0.006424328770226532,0.005781011780252119,1.2366882891112767,6.012370958202109,-0.0026923379913558147,-0.003514164343171874
2.5500000000000003,0.3633026921564177,0.627847127684567,1.2352877016990509,6.047648765288441,0.006297629286915823,0.005654542114132701,1.2383402094024167,5.99788445594121,-0.0028371184010932554,-0.0036594861927751864
2.6,0.364303666574191,0.6460378467513817,1.236880291960409,6.033563863622931,0.006171140247621942,0.005528249086489407,1.2399711275866985,5.983256845104951,-0.0029784718154220666,-0.0038013544865871823
2.6500000000000004,0.36517229999438594,0.6642752887151544,1.2384540392627688,6.0193302082721765,0.0060449078945000005,0.005402181023034943,1.241582227282264,5.968498224970619,-0.0031165848700889813,-0.003939957491856049
2.7,0.36591269376653923,0.682552939478585,1.2400099997982272,6.004957735474971,0.005918969565209165,0.005276377147985914,1.2431746159160413,5.953617605896938,-0.003251635865566004,-0.0040754750494570524
2.75,0.36652884981611006,0.7008644875171277,1.2415491758426334,5.990455199207101,0.005793357119738079,0.005150871070433585,1.244749343567184,5.938622880557178,-0.003383790410825184,-0.004208074185921861
2.8000000000000003,0.36702467281069173,0.7192038189621299,1.243072492332665,5.975830627741617,0.0056680978015368096,0.0050256916422974215,1.2463073791697754,5.923521283703713,-0.0035132014294853384,-0.004337909122668773
2.85,0.3674039722817761,0.7375650127911682,1.2445807542471683,5.961092022336027,0.005543216182481997,0.0049008649008187265,1.247849566984157,5.90832010153916,-0.0036400067577927213,-0.004465118866216954
2.9000000000000004,0.36767046470294995,0.7559423361233746,1.246074787013927,5.946246163810575,0.005418745136012228,0.004776425237223957,1.2493767702062641,5.893025438997727,-0.003764319530304749,-0.004589817608908291
2.95,0.36782777552538126,0.7743302396176084,1.2475553769327383,5.931299124081147,0.00529471545049307,0.004652404875845117,1.2508898104556203,5.877642738305941,-0.00388624248369343,-0.004712109059679255
3.0,0.36787944117144233,0.792723352971346,1.2490233158350401,5.9162557792216885,0.005171153808043112,0.004528831860786401,1.2523895137416414,5.862176273035558,-0.00400587349606917,-0.004832092011671405
3.0500000000000003,0.3114032239145974,0.8096662181483995,1.262359842151864,6.037189677438695,0.004835349401753738,0.004198355831618911,1.265920483328456,5.979962232325524,-0.004503399977545593,-0.0053309056358720125
3.1,0.2635971381157267,0.8240080438880607,1.2790704838265083,6.149338011769257,0.004492026631406305,0.003862731083573219,1.2829182661454188,6.087589048455636,-0.0051216517651904445,-0.005951285927471044
3.1500000000000004,0.22313016014842954,0.8361481372782498,1.2965559526750128,6.2331210741729315,0.004138618488430572,0.003515454690669182,1.300735715840195,6.166258964282682,-0.005750378261106739,-0.006583258067428405
3.2,0.18887560283756172,0.8464245044715102,1.3146323192730267,6.2845870016046295,0.003774507570191629,0.003156268146868372,1.3191822746292696,6.212163619108222,-0.006367299917356548,-0.007203942914685951
3.25,0.1598797460796939,0.8551232614988706,1.3331854858759935,6.300460783357945,0.0033950885843126214,0.0027808509080123394,1.3381428200539778,6.222091551942554,-0.006967191943634536,-0.007807791894364494
3.3000000000000003,0.1353352832366126,0.8624866003517949,1.3520918529386405,6.278446198745115,0.0029950977623981537,0.0023840446429546905,1.357489937540306,6.1938576685774045,-0.007547107937841031,-0.008391593125774111
3.35,0.11455884399268768,0.8687195321249723,1.3712228987753947,6.217095899720591,0.002572683978159897,0.001964056780644715,1.3770899744479634,6.126148766667165,-0.008103482763798164,-0.008951606303800702
3.4000000000000004,0.09697196786440494,0.8739955949634572,1.3904562463049959,6.1161727396554735,0.0021285640848239203,0.001521661307616241,1.396815348121831,6.018859275701707,-0.00863395877457069,-0.009485376679298052
3.45,0.08208499862389874,0.8784616857356091,1.409686490889031,5.976909271611509,0.0016652626335456827,0.0010594501382843158,1.4165542622932112,5.873362373087098,-0.009137089620789077,-0.009991376308530286
3.5,0.06948345122280153,0.8822421499559382,1.4288334877440854,5.801942766886079,0.00118550434584706,0.0005802138988807435,1.4362219850357207,5.692397192062358,-0.00961382677309932,-0.010470558423522052
3.5500000000000003,0.058816471642429834,0.8854422438300498,1.4478489488988526,5.59508880587433,0.0006931121348742824,8.78363159944848e-05,1.4557613738612147,5.479929569412922,-0.010062314484951141,-0.010921003147262416
3.6,0.04978706836786392,0.8881510648124196,1.4667191846748018,5.361600506555394,0.00019192618957723968,-0.00041379444518478356,1.475150994231467,5.241324230215276,-0.010483467823077061,-0.011343644035488182
3.6500000000000004,0.04214384350927635,0.8904440322699958,1.4854431530629364,5.107418706046575,-0.0003142934897147834,-0.0009208823754063092,1.4943848319470974,4.982571636555655,-0.010880089775247539,-0.01174135467309784
3.7,0.03567399334725238,0.8923849873186029,1.5040227646036066,4.838056020328833,-0.0008220813828072975,-0.0014299258794467035,1.5134596667611435,4.709223260253172,-0.011254089940309854,-0.01211609644081006
3.75,0.030197383422318504,0.8940279702960832,1.5224605145062766,4.558001195770931,-0.0013283929219619533,-0.0019378389922384397,1.5323712884102436,4.42582107376431,-0.011605746863495116,-0.012468162024514035
3.8000000000000003,0.025561533206507368,0.8954187253608263,1.5407505614422916,4.270885175314858,-0.0018305246748265074,-0.002441875726914009,1.5511083048027103,4.136025272409117,-0.011935021699823516,-0.012797524610746078
3.85,0.02163737071949308,0.8965959741069308,1.558870743015498,3.9800126542044745,-0.0023259645739893407,-0.0029394920875423424,1.5696440995862362,3.843146021422015,-0.012242698187194388,-0.013105002395648074
3.9000000000000004,0.018315638888734154,0.8975924936561585,1.5767680795560335,3.6884895672676223,-0.0028122542278497184,-0.003428222320970264,1.587922905344356,3.5502658561253284,-0.012531641422013705,-0.013393548615444922
3.95,0.015503853599009309,0.8984360292430759,1.594377064740998,3.3992888910074375,-0.0032871426005223452,-0.0039058126550397584,1.605876593563211,3.260326839409697,-0.012804105224295936,-0.013665498004627314
4.0,0.013123728736940963,0.8991500667016964,1.6116244225452283,3.1149819761214026,-0.003748370109572654,-0.00437000157189599,1.6234288881799723,2.9758720132153966,-0.013060682422190693,-0.013921498306145445
4.05,0.011108996538242311,0.8997544863613061,1.6284312679106807,2.8380004947054105,-0.0041942610570903675,-0.004819109460985091,1.6404987030250988,2.6992925758831383,-0.013302166196190795,-0.01416239318117446
4.1000000000000005,0.009403562551495189,0.9002661165573301,1.644712095170569,2.5703883734949176,-0.004623613591826801,-0.005251920723339547,1.6570011172305605,2.432561685297296,-0.013530557364918724,-0.014390243788141263
4.15,0.007959943848706437,0.9006992021681668,1.6603846267598819,2.313947001586326,-0.00503577388388715,-0.005667765492373393,1.6728548940445978,2.1774094954581247,-0.013747678161035745,-0.014606919528567543
4.2,0.006737946999085462,0.901065801223053,1.6754214121152444,2.0694247479263304,-0.0054299240919253745,-0.0060657666815591964,1.688027681517941,1.9345919263733933,-0.013951120329528464,-0.014809936879967286
4.25,0.005703548998007402,0.9013761206233764,1.689840498749991,1.8367433394512755,-0.0058049818975816035,-0.006444753218952441,1.7025275711878685,1.7040988872329388,-0.01413554955498567,-0.014993799467913727
4.3,0.004827949993831442,0.9016388003246294,1.7036608568814366,1.6158121219103978,-0.006160219278414565,-0.006803919894195872,1.7163663771674111,1.485874227122074,-0.014297428988363304,-0.015154850852557784
4.3500000000000005,0.00408677143846406,0.9018611538912394,1.7169071203100776,1.406297425601108,-0.006495989089105935,-0.007143552877535431,1.7295769469135847,1.2794661153097489,-0.014439851381189302,-0.015296225295111791
4.4,0.003459377336464756,0.9020493721218392,1.7296064220018763,1.2077673311147317,-0.006813002092339867,-0.0074643055134191415,1.7422017277494855,1.084266293757809,-0.014568198363587857,-0.015423409890725109
4.45,0.002928299694818186,0.9022086954143334,1.741784306455724,1.0198295470479797,-0.007111976180080178,-0.007766851242736249,1.754280463368091,0.8997305372708753,-0.014686749361970786,-0.015540772197092361
4.5,0.0024787521766663585,0.9023435596697789,1.7534664815505991,0.8420201588424538,-0.007394125070423747,-0.00805238965690376,1.7658479094628348,0.7253041902917764,-0.014797525348997257,-0.015650371807696385
4.55,0.0020982184180809043,0.9024577197973545,1.7646793101726967,0.673827831865331,-0.007660855646045451,-0.008322329841684918,1.7769361755578548,0.5604233258083223,-0.014901320013922865,-0.015753013224093226
4.6000000000000005,0.0017761035457343744,0.9025543542590584,1.7754467680678736,0.514799898653375,-0.00791328948274599,-0.00857779440324164,1.7875747183134034,0.40458828619085324,-0.014998736049072349,-0.01584930902921612
4.65,0.0015034391929775698,0.9026361535648855,1.7857880867933065,0.3645088538777675,-0.008152420307870457,-0.008819780695184512,1.7977864693980674,0.25734460270036674,-0.015090286727152074,-0.015939780099427783
4.7,0.0012726338013398068,0.9027053951823768,1.7957183049163707,0.22251555988486107,-0.008379238928746204,-0.009049287714166706,1.8075877539026544,0.11825110614367983,-0.015176461163615533,-0.016024920150207688
4.75,0.0010772612553122194,0.9027640069461851,1.80524978237653,0.08842341278178922,-0.008594564587423557,-0.00926714181921501,1.8169918262947586,-0.013087334987286491,-0.015257668102233762,-0.016105142094777165
4.800000000000001,0.0009118819655545139,0.9028136207331123,1.8143941225098505,-0.03813502894393461,-0.00879914632604707,-0.009474098774152364,1.826011132694698,-0.13703658270124774,-0.015334283388642667,-0.016180825284557224
4.8500000000000005,0.0007718914190992288,0.9028556178970489,1.8231655444902757,-0.1575605680035277,-0.008993706995233277,-0.009670889283423542,1.8346607700736544,-0.25399633201231087,-0.015406737344718422,-0.016252400189246133
4.9,0.0006533919798673794,0.9028911677288185,1.8315803500698287,-0.270275009478191,-0.009179005909122984,-0.009858281962324147,1.8429579652930017,-0.36438806225473214,-0.015475548497434717,-0.016320382519817427
4.95,0.0005530843701478331,0.9029212600117343,1.8396531679081278,-0.3766636808512978,-0.009355645907548334,-0.010036887373329136,1.8509182353143436,-0.468596938457501,-0.015541155376620343,-0.016385207953273404
5.0,0.00046817581165277687,0.9029467325792828,1.8473961130524061,-0.47705694382178504,-0.00952419108283463,-0.010207276597935945,1.8585545247516233,-0.5669532939909235,-0.01560396108458735,-0.01644727732276379
5.050000000000001,0.00039630226859990503,0.9029682946421987,1.8548236729236514,-0.5718046415968819,-0.009685190950826856,-0.010370006310585758,1.865881759135167,-0.6598032106461539,-0.015664251294254673,-0.016506873664315438
5.1000000000000005,0.00033546262790251126,0.9029865465344079,1.861957031435943,-0.6613286284657881,-0.00983934860794616,-0.010525788697688726,1.872920878581813,-0.747558047700201,-0.015722230704135268,-0.016564198123953565
5.15,0.00028396298390325614,0.9030019964276077,1.868818074070945,-0.7460436328975233,-0.009987330915457032,-0.010675299363336808,1.8796933372058364,-0.8306208936270945,-0.015778044631864743,-0.016619392545410974
5.2,0.00024036947641951407,0.9030150744798529,1.8754259551554067,-0.8263139808738884,-0.010129689267981138,-0.010819097052867613,1.88621791494638,-0.9093459555484116,-0.01583180389340759,-0.016672564784241502
5.25,0.0002034683690106442,0.9030261448120755,1.8817971029330922,-0.9024548051890536,-0.010266904210646976,-0.01095766842750278,1.8925106803270675,-0.9840393027845913,-0.015883655144195298,-0.016723858875777178
5.300000000000001,0.00017223225596080954,0.9030355156459905,1.8879474514410037,-0.9747775123246384,-0.010399416662318878,-0.011091462493093993,1.8985872894458427,-1.0550044714946392,-0.01593382240356012,-0.01677349850397397
5.3500000000000005,0.0001457914571075079,0.9030434478856464,1.8938929509878386,-1.043596882717014,-0.010527705805321419,-0.011220968573167234,1.9044633798556752,-1.1225484502010714,-0.015982805683281153,-0.016821985409981997
5.4,0.00012340980408667934,0.9030501623815527,1.899647992482647,-1.1092018203931353,-0.010652178721142101,-0.011346603637883982,1.9101531036578632,-1.186953549145363,-0.01603105404582796,-0.01686977109853684
5.45,0.00010446414383170514,0.9030558460796291,1.9052247044415909,-1.1718403312834866,-0.010773181487489961,-0.011468722102152724,1.9156683735085567,-1.2484620026836768,-0.016078969331642556,-0.016917259514973238
5.5,8.842698865988302e-05,0.9030606572261808,1.9106334615976592,-1.231726854073228,-0.010891020924195402,-0.011587637791445485,1.9210193534452664,-1.30728304158612,-0.016126928085024094,-0.016964828892285674
5.550000000000001,7.485182988770033e-05,0.9030647297738124,1.915882743301697,-1.2890465627308556,-0.011005912688279142,-0.011703571966047478,1.9262143285286075,-1.3635972180775862,-0.016175109258617475,-0.017012658966063642
5.6000000000000005,6.336070607455943e-05,0.9030681771109563,1.9209808421655636,-1.3439739230616121,-0.011118062873824284,-0.01181673410234253,1.931261184668628,-1.4175728549213733,-0.016223571839112917,-0.01706080658087072
5.65,5.363367976828031e-05,0.9030710952188482,1.9259352604756794,-1.3966699634386897,-0.011227608566600872,-0.011927263264507675,1.9361669591468949,-1.4693646515640768,-0.016272148069494577,-0.01710910015136075
5.7,4.5399929762484766e-05,0.90307356534385,1.9307522372776533,-1.4472722056506635,-0.011334676148856863,-0.01203528761643066,1.9409375081356157,-1.5191048224598014,-0.016320701097729397,-0.017157399821136593
5.75,3.843021085526086e-05,0.9030756562595221,1.9354371712073561,-1.4958993747384774,-0.011439404802620469,-0.012140947943134393,1.9455778959948558,-1.5669074540911974,-0.016369169432757485,-0.017205641759377915
5.800000000000001,3.253047117267118e-05,0.9030774261814268,1.939993953067982,-1.5426506869728052,-0.011541868201936973,-0.012244319128289115,1.9500917003610467,-1.612867708142761,-0.01641740894281712,-0.017253679042559287
5.8500000000000005,2.753644934974711e-05,0.9030789243879738,1.9444279846780124,-1.5876308169662103,-0.011642218261437229,-0.012345554796245007,1.954484115831265,-1.6570869954077898,-0.016465439542814625,-0.017301530417079682
5.9,2.3309101142936975e-05,0.9030801925924358,1.9487451305211116,-1.63094618054835,-0.011740590160957416,-0.01244479189628506,1.9587608470419642,-1.6996690777953356,-0.01651331921741442,-0.01734925280755078
5.95,1.9730728141123086e-05,0.9030812661043364,1.952951672257167,-1.6727058669057557,-0.011837090713752137,-0.012542139003403993,1.9629280479145905,-1.740720889106291,-0.016561119630087343,-0.01739691665039303
6.0,1.670170079024566e-05,0.9030821748125416,1.957057662889123,-1.713047492648072,-0.011931943770125925,-0.012637822424637754,1.9669957032462622,-1.7803779755258458,-0.01660905208250736,-0.017444733235668617
6.050000000000001,1.4137684493534038e-05,0.9030829440174306,1.9610696381050932,-1.7520710096130108,-0.012025273532912835,-0.012731967995924388,1.9709702612036797,-1.818738539339042,-0.01665721020932338,-0.017492795468417324
6.1000000000000005,1.1967291556045986e-05,0.9030835951353118,1.9649906476186727,-1.7898373111050365,-0.012117143524299821,-0.012824640314203339,1.9748547190805887,-1.8558623804815286,-0.01670566323656884,-0.017541172174421655
6.15,1.0130093598630692e-05,0.903084146294699,1.968824824988776,-1.8264120417483247,-0.012207668707749166,-0.012915955672470128,1.9786532032269504,-1.8918142674500364,-0.016754556654159453,-0.017590009286716564
6.2,8.574939102672282e-06,0.9030846128410479,1.9725789002185916,-1.8618882939104155,-0.012296947280069618,-0.01300601325971315,1.9823723694581585,-1.9266857363449144,-0.016803912026215593,-0.017639327103280002
6.25,7.2585292424620125e-06,0.903085007764006,1.9762588821411553,-1.896349385919392,-0.01238505041047359,-0.013094884687033233,1.9860182183841872,-1.9605590816731184,-0.016853760070542914,-0.017689155414591186
6.300000000000001,6.144212353328189e-06,0.9030853420590726,1.9798743263059075,-1.9299129810868063,-0.01247207061929813,-0.013182662637797202,1.9896003218354998,-1.9935507495710958,-0.01690411995984527,-0.017739511983599184
6.3500000000000005,5.200963470939467e-06,0.9030856250337373,1.9834342853878,-1.9626899573484708,-0.012558087699836167,-0.013269427283994233,1.9931276679786056,-2.025769992441134,-0.016954936593567692,-0.01779033955651692
6.4,4.402520529973918e-06,0.9030858645666197,1.986945484299866,-1.9947637499874387,-0.012643167745497045,-0.013355244863910858,1.996607040556001,-2.057299694889534,-0.017006213566090292,-0.017841640897126358
6.45,3.726653172078664e-06,0.9030860673268271,1.9904127288350653,-2.026196891506219,-0.012727350393534698,-0.013440155001936738,2.0000433299144333,-2.088202224658589,-0.01705794116577957,-0.017893405705371745
6.5,3.1545438051702282e-06,0.9030862389596371,1.9938424825512202,-2.057066612693567,-0.012810690495930028,-0.01352421283961012,2.003442908636623,-2.1185533578456615,-0.017110083092970796,-0.017945596004361658
6.550000000000001,2.670263681443493e-06,0.9030863842436743,1.9972368260564644,-2.087405003785188,-0.01289319921126644,-0.01360742936910957,2.006807994637562,-2.1483856777363157,-0.017162626544618077,-0.0179981989778555
6.6000000000000005,2.2603294069810504e-06,0.9030865072239564,2.000599293047013,-2.1172572867618373,-0.012974948591127952,-0.013689877442095853,2.0101422550906833,-2.177744678879653,-0.01721562026602816,-0.018051264690246864
6.65,1.9133275352422997e-06,0.9030866113245182,2.0039322684646694,-2.1466588253163,-0.013055952027020102,-0.013771570790633741,2.013448055914658,-2.2066651154805688,-0.017269045067462744,-0.018104773973546665
6.7,1.6195967923126097e-06,0.903086699443741,2.0072333222634913,-2.1755995154526673,-0.01313620543792606,-0.013852505944082832,2.016723256856384,-2.23513863977892,-0.0173229586570995,-0.018158788261652663
6.75,1.3709590863840845e-06,0.9030867740350528,2.0105088133069917,-2.2041457584452617,-0.013215869438492995,-0.013932845245116569,2.019974315930123,-2.2632314415261847,-0.017377473436575534,-0.018213421715915612
6.800000000000001,1.1604918121968567e-06,0.903086837175235,2.013753206198622,-2.232259430305207,-0.013294828257038014,-0.01401247241126707,2.02319581216333,-2.29090631310014,-0.017432528877356666,-0.018268615331907587
6.8500000000000005,9.823351109098305e-07,0.9030868906222455,2.016969061870188,-2.2599708795814237,-0.013373170907913713,-0.014091477530759372,2.026390449093981,-2.31819401388046,-0.017488199161215735,-0.018324445127087148
6.9,8.315287191035665e-07,0.903086935864163,2.0201577719600774,-2.287298960195831,-0.013450964455332809,-0.01416992853354217,2.0295597781503165,-2.345114022682606,-0.017544547297848323,-0.0183809759779335
6.95,7.038738644428702e-07,0.9030869741606193,2.023313726049005,-2.3142023304734813,-0.013528104911665957,-0.014247720874096186,2.032698298024054,-2.3716258933913763,-0.01760151282325223,-0.01843814850707669
7.0,5.958163628790234e-07,0.9030870065778698,2.0264419993341085,-2.3407314946805644,-0.013604708788849224,-0.014324972059980826,2.0358110830486473,-2.3977794537479107,-0.017659153834953815,-0.018496020798588576
7.050000000000001,5.043476625678863e-07,0.90308703401848,2.0295365319326493,-2.366841428700607,-0.013680661627069704,-0.014401565938825304,2.0388920985561394,-2.423530142551754,-0.017717418165627104,-0.018554539267013403
7.1000000000000005,4.2692107935501407e-07,0.9030870572464549,2.0326036412618613,-2.392593890325785,-0.01375606788368737,-0.01447760733431299,2.0419474707861465,-2.4489378077502875,-0.017776327208840925,-0.01861372273247248
7.15,3.613808916445953e-07,0.9030870769085112,2.035633692963495,-2.4179171158030357,-0.013830666287338365,-0.014552830948903915,2.0449671739789355,-2.4739289656307877,-0.017835661119229896,-0.01867334428710197
7.2,3.0590232050182526e-07,0.9030870935520825,2.038635508961355,-2.442891753600762,-0.013904648677693103,-0.01462742955243141,2.0479598119598,-2.498582098633235,-0.017895471334633883,-0.01873345258620245
7.25,2.589407239064267e-07,0.9030871076405615,2.0416002712844676,-2.4674511017148544,-0.013977809913774994,-0.014701194699320566,2.0509162533383702,-2.522829269306854,-0.017955577309928226,-0.018793861294268476
7.300000000000001,2.1918859061673603e-07,0.9030871195662015,2.0445322322694146,-2.4916374585976073,-0.01405021182254627,-0.014774188810664954,2.053840701773379,-2.5467119750989635,-0.01801602393141566,-0.018854614844148593
7.3500000000000005,1.855391362615975e-07,0.9030871296610379,2.047424170352736,-2.515396135471896,-0.014121723527604576,-0.014846278206179205,2.0567255490744607,-2.5701738188565515,-0.018076624794506477,-0.018915520511543518
7.4,1.5705548809743184e-07,0.9030871382061323,2.0502831236813104,-2.538790459073445,-0.014192504355204172,-0.014917623301278235,2.059577650016621,-2.5932764165791284,-0.018137410676364762,-0.018976607355235584
7.45,1.3294460046825147e-07,0.9030871454393984,2.053096979900776,-2.5617260405258446,-0.01426229325252445,-0.014987960050521604,2.0623848003474987,-2.615925754787419,-0.01819823787797722,-0.01903772888986081
7.5,1.1253517471925912e-07,0.9030871515622263,2.0558759804807183,-2.5842918947259763,-0.014331306208677662,-0.015057506409821064,2.0651571258118753,-2.6382092978509153,-0.01825916866491991,-0.019098946978631258
7.550000000000001,9.52589688072248e-08,0.903087156745088,2.058616423812323,-2.6064624533102445,-0.014399439269490312,-0.01512615701941521,2.067890805434425,-2.6601010677079335,-0.018320073637728317,-0.019160129931020013
7.6000000000000005,8.06349762272409e-08,0.9030871611322857,2.061329770419077,-2.6283356316887234,-0.014466912456678208,-0.015194134371217492,2.0705973006683713,-2.6816980088672993,-0.018381052712125884,-0.01922137895823009
7.65,6.825603376334858e-08,0.9030871648459686,2.0640139166360054,-2.6498998700377627,-0.014533570511320747,-0.015261282636240393,2.0732747287788325,-2.702989907262812,-0.01844202681581069,-0.01928261709233787
7.7,5.777748519419133e-08,0.9030871679895331,2.0666826514424996,-2.6712694438398343,-0.014599717239401431,-0.015327908226724389,2.0759366959026075,-2.7240888969334605,-0.018503080388250773,-0.019343928013467817
7.75,4.890758532702102e-08,0.9030871706505031,2.069333988830713,-2.6924319288437784,-0.014665230576492412,-0.015393888214217043,2.078581275384137,-2.7449830265451123,-0.01856409515394137,-0.019405193511717968
7.800000000000001,4.139937718785152e-08,0.9030871729029655,2.0719756989319675,-2.713452415604679,-0.01473025873872735,-0.015459372772385894,2.0812163103756047,-2.7657371245038815,-0.018625179450915116,-0.0194665238323388
7.8500000000000005,3.504381621136978e-08,0.9030871748096339,2.0746054410531776,-2.7343146942828356,-0.014794692598150257,-0.015524251838721834,2.0838394694583062,-2.7863352114059508,-0.018686211096995226,-0.019527796243356592
7.9,2.966394999334992e-08,0.9030871764235937,2.077232077769214,-2.755090904991176,-0.014858728083342555,-0.015588722972576175,2.086459476380396,-2.806847960394245,-0.018747242141601228,-0.019589062083089793
7.95,2.510999155743982e-08,0.9030871777897811,2.079854752157883,-2.775775875002386,-0.014922307238711121,-0.015652727826495336,2.0890754900935855,-2.827270352897119,-0.018808205004244308,-0.019650253661484162
8.0,2.125514896553039e-08,0.903087178946234,2.0824716704594883,-2.7963573201352547,-0.014985351561450713,-0.015716187876661368,2.0916858982393483,-2.8475912048300986,-0.018869097409589038,-0.01971137066949423
8.05,1.7992095159149094e-08,0.9030871799251501,2.0850915801269543,-2.8169049630175995,-0.015048067406896223,-0.01577931134967549,2.094299325454782,-2.8678790085465113,-0.018929917551284176,-0.019772410298060275
8.1,1.522997974471263e-08,0.9030871807537848,2.0877115434951388,-2.837396527609878,-0.015110357889183636,-0.015842001429704426,2.096912994809597,-2.8881128096043986,-0.018990478583831048,-0.019833186276022843
8.15,1.2891899524353446e-08,0.9030871814552087,2.090339807225709,-2.8578973038575066,-0.015172409149458077,-0.015904446218030156,2.0995351120803862,-2.9083570454594163,-0.019050869569901388,-0.019893788198606478
8.200000000000001,1.0912757346491139e-08,0.9030871820489514,2.0929709009658044,-2.8783648000774478,-0.015234055344231542,-0.015966480454652328,2.102160497965546,-2.928571647522198,-0.019110735157903312,-0.019953861947635695
8.25,9.237449661970596e-09,0.9030871825515439,2.0956152063820466,-2.898880191027168,-0.015295547036514888,-0.016028356741977473,2.1047994478777925,-2.948836556060397,-0.01917020669113442,-0.020013538765562215
8.3,7.819332323455052e-09,0.9030871829769791,2.098272073384388,-2.9194381959180458,-0.015356848547024151,-0.016090040185190738,2.1074514605461694,-2.969147615572368,-0.019229102504333472,-0.02007263753927639
8.35,6.618921912651204e-09,0.9030871833371021,2.10093979866572,-2.940025514496073,-0.015417894311925924,-0.016151465586165585,2.110114942396353,-2.9894923662254858,-0.019287291843652046,-0.02013102819136401
8.4,5.602796437537247e-09,0.9030871836419396,2.103624904238469,-2.9606924312404876,-0.015478831044337888,-0.016212780811259087,2.112796347796674,-3.0099201987457507,-0.01934487296238759,-0.02018880894496631
8.450000000000001,4.742664792657511e-09,0.9030871838999792,2.1063223392247035,-2.981399363790044,-0.015539523117120903,-0.016273850372867067,2.1154908494329194,-3.030393485688962,-0.019401549704692368,-0.02024568405134515
8.5,4.014579074266727e-09,0.9030871841184049,2.109041141784746,-3.0022155801772255,-0.015600178134371014,-0.01633488307551894,2.1182073394737073,-3.050979889216722,-0.019457520206625827,-0.020301851355297162
8.55,3.398267819495059e-09,0.9030871843032984,2.1117732091152757,-3.0230782155321982,-0.015660578873317902,-0.016395661095143385,2.1209379122768373,-3.071618384267782,-0.019512524654698313,-0.020357051798646046
8.6,2.876571605486451e-09,0.9030871844598072,2.114520402943891,-3.0440011041861337,-0.0157207630712522,-0.016456222678761647,2.123684448620882,-3.092322845657912,-0.019566533957896377,-0.02041125618899242
8.65,2.4349652943835306e-09,0.9030871845922891,2.1172898470199653,-3.065038058545855,-0.01578090480173718,-0.016516742699525303,2.1264538917356126,-3.1131454663187794,-0.019619707956114802,-0.020464623442886073
8.700000000000001,2.061153622438551e-09,0.9030871847044327,2.1200693001616218,-3.0860945078264517,-0.015840770486877775,-0.016576986198016005,2.129233952314595,-3.13399251757041,-0.019671713665561714,-0.020516818366633084
8.75,1.744728873586326e-09,0.9030871847993601,2.1228622695990165,-3.1071970506154196,-0.01590042809798228,-0.016637021383353406,2.1320280347369427,-3.1548895683623805,-0.01972269973301521,-0.02056798977468528
8.8,1.4768811063798095e-09,0.9030871848797144,2.1256656421032916,-3.1283211719183055,-0.015959871157996238,-0.016696841221462533,2.1348327639911213,-3.175810928337667,-0.01977260632496747,-0.020618075014658437
8.85,1.2501528663867426e-09,0.9030871849477328,2.128471228840574,-3.1494040979582065,-0.016018996158377236,-0.016756341054289893,2.1376396948417815,-3.196693110798297,-0.019821267804476912,-0.020666905199638215
8.9,1.0582315547159941e-09,0.9030871850053093,2.131290348524049,-3.17053151206309,-0.01607803663652097,-0.01681575571655671,2.140460057197015,-3.217620365182307,-0.019868955046898958,-0.02071475179607717
8.950000000000001,8.957736717696666e-10,0.9030871850540466,2.134103886455407,-3.191558602446808,-0.016136655626239574,-0.0168747457694228,2.1432745485501266,-3.238448337662906,-0.019915319454804126,-0.02076126307988524
9.0,7.582560427911908e-10,0.903087185095302,2.1369147545586604,-3.212507638063427,-0.016194950811002723,-0.01693340940503241,2.146085994165594,-3.2591986063420024,-0.01996043705822081,-0.020806514732375492
9.05,6.418498830106153e-10,0.9030871851302238,2.139731759567268,-3.2334449762628843,-0.016253121419747427,-0.016991947141304517,2.148903176049473,-3.2799366978643043,-0.02000450071655741,-0.020850700443967543
9.1,5.433141960916677e-10,0.9030871851597846,2.1425371289916084,-3.2542370452786944,-0.016310898986281155,-0.01705008860258285,2.1517081614368427,-3.3005296482010857,-0.020047152098284816,-0.02089345876588658
9.15,4.5990553786523006e-10,0.903087185184807,2.1453366701037853,-3.2749282997141136,-0.01636837075232254,-0.01710792144794474,2.1545067242758216,-3.3210212218523925,-0.020088568750330944,-0.020934967982702016
9.200000000000001,3.893016329789051e-10,0.9030871852059881,2.1481326316282483,-3.2955359802110573,-0.016425599488799285,-0.017165508860671017,2.1573010935752954,-3.3414283775197395,-0.020128819050725836,-0.020975296788566904
9.25,3.2953671778671713e-10,0.9030871852239177,2.150909846180791,-3.315947271696112,-0.016482392414859524,-0.017222656837986263,2.1600760086890167,-3.3616390783401813,-0.020167587858727253,-0.021014127759330228
9.3,2.789468092868915e-10,0.9030871852390947,2.1536806525846095,-3.336254923014475,-0.016538987803252175,-0.017279605349531605,2.1628438718579157,-3.3817454243228715,-0.02020514237163029,-0.021051730155713523
9.35,2.3612337627790166e-10,0.9030871852519415,2.1564437112157497,-3.3564505974399865,-0.01659534157496836,-0.01733630980060597,2.1656031996218363,-3.4017383763606297,-0.020241492343995263,-0.021088113030421348
9.4,1.9987412283871344e-10,0.9030871852628165,2.159184889492748,-3.3764323660364837,-0.01665116821884641,-0.01739248231797588,2.1683395496757782,-3.4215154110707795,-0.020276411998659694,-0.02112304755220363
9.450000000000001,1.6918979226151245e-10,0.9030871852720217,2.16192033980016,-3.396320023558948,-0.01670680973037734,-0.017448467549578538,2.1710692375469502,-3.4411959740654288,-0.02031020101038035,-0.02115683638409905
9.5,1.4321606718741005e-10,0.9030871852798139,2.164649856808104,-3.416114474832131,-0.016762242914169966,-0.01750424191104829,2.1737918414410493,-3.4607797958807702,-0.02034287173032575,-0.021189490981520474
9.55,1.2122978358484879e-10,0.9030871852864099,2.167366004035625,-3.4357645940881647,-0.016817306794213515,-0.017559642937039044,2.1764995596885757,-3.4802143368656164,-0.020374302886861942,-0.021220887610412027
9.600000000000001,1.0261879631701818e-10,0.9030871852919929,2.170075621626372,-3.455320888164822,-0.01687206495226971,-0.017614734534729788,2.1791993226287216,-3.499550055124199,-0.02040470400502324,-0.021251237360914166
9.65,8.686493571262864e-11,0.9030871852967194,2.172781573673353,-3.4748058371805204,-0.01692661466913458,-0.017669614759975298,2.18189390402471,-3.5188087841881437,-0.020434095045900397,-0.021280560259991345
9.700000000000001,7.352958061453787e-11,0.9030871853007197,2.175474784408033,-3.4941562904381045,-0.016980779595158063,-0.017724105741959,2.184573901173079,-3.537926331052652,-0.02046232402572602,-0.02130870190593803
9.75,6.224144622907784e-11,0.9030871853041061,2.178168189904845,-3.5134656964950017,-0.0170348139635873,-0.017778463774418052,2.1872524860366136,-3.5569964970415255,-0.020489633249173644,-0.021335907466406515
9.8,5.268624676367596e-11,0.9030871853069727,2.180858448216464,-3.5327110127241954,-0.017088620843883833,-0.01783259105427964,2.1899261962649264,-3.575995872299824,-0.02051600670362055,-0.02136216020853397
9.850000000000001,4.459794503852891e-11,0.9030871853093995,2.18353191448628,-3.5517967207672054,-0.017141938182330344,-0.01788622334496316,2.1925810155899543,-3.5948280094759473,-0.020541226668857257,-0.021387239324861047
9.9,3.775134544279085e-11,0.9030871853114533,2.1862034444574685,-3.5708292621941795,-0.017195081546177857,-0.017939678851532817,2.195232090729049,-3.6135998880877915,-0.020565536765764877,-0.021411391701170374
9.950000000000001,3.195582400735498e-11,0.903087185313192,2.188876975542765,-3.5898370816201406,-0.017248132251873945,-0.017993039571306296,2.197883411871797,-3.632340012492952,-0.020589008646624083,-0.021434689864646098
10.0,2.70500210260468e-11,0.9030871853146637,2.1915360518537885,-3.6087051751354813,-0.01730079531545412,-0.018046008116249703,2.2005181105404525,-3.6509324545416235,-0.020611367920837342,-0.02145685584177418
10.05,2.2897348456455446e-11,0.9030871853159095,2.19418377112542,-3.6274558271202766,-0.017353072512924395,-0.018098586203456928,2.203139410915713,-3.6693999577509038,-0.02063275577311351,-0.02147803208981252
10.100000000000001,1.9382187016841825e-11,0.903087185316964,2.196833730252545,-3.6461855961328618,-0.017405274636065376,-0.018151087330578807,2.205761236094068,-3.6878398715800613,-0.020653406201495386,-0.021498456148612982
10.15,1.6406667098168774e-11,0.9030871853178567,2.1994692402109273,-3.664777897412798,-0.017457108382197974,-0.0182032167990112,2.2083671959578903,-3.706138062794461,-0.02067325910053152,-0.021518070778942258
10.200000000000001,1.3887943864963971e-11,0.9030871853186123,2.2020967289384323,-3.683278682784259,-0.017508707163067332,-0.01825510914702941,2.210963904036884,-3.72434099373851,-0.020692470711256843,-0.021537034208653945
10.25,1.1755890677998753e-11,0.9030871853192521,2.204725993063142,-3.7017565278822957,-0.017560235009178683,-0.01830692963692027,2.213561294820594,-3.7425173452337,-0.020711185608553985,-0.021555492420160662
10.3,9.951146618737862e-12,0.9030871853197935,2.2073433101042443,-3.7201147671685746,-0.017611410128773975,-0.018358395902321703,2.216146477393431,-3.7605751978114306,-0.020729455259117797,-0.021573504238746044
10.350000000000001,8.423463754468587e-12,0.9030871853202516,2.2099498029269165,-3.738362504533244,-0.017662307248860084,-0.01840958384725547,2.2187210406789166,-3.7785257072442167,-0.020747490866690727,-0.021591285499203087
10.4,7.13030812843618e-12,0.9030871853206396,2.2125573731431967,-3.756583218049942,-0.017713152572957875,-0.018460721004510468,2.2212968255410024,-3.7964513323348323,-0.020765430508325897,-0.021608973981602535
10.450000000000001,6.035675523560195e-12,0.903087185320968,2.2151662710033486,-3.774778757106622,-0.017763959600098883,-0.018511821374683064,2.2238743742341365,-3.814355229518893,-0.020783377001189846,-0.02162667527279112
10.5,5.109089028063325e-12,0.9030871853212461,2.2177584646316495,-3.792823485608409,-0.01781437475398787,-0.018562530171857855,2.226436392957218,-3.8321161879846506,-0.02080130012272447,-0.02164436543597937
10.55,4.3247504930947334e-12,0.9030871853214812,2.2203441879822647,-3.8107890040134467,-0.017864584278046946,-0.01861303456444883,2.2289929630491296,-3.8498044357059973,-0.02081928048500628,-0.021662123829215858
10.600000000000001,3.66082225711636e-12,0.9030871853216804,2.222934866312286,-3.8287551788874197,-0.017914827473103315,-0.018663575206410564,2.2315553997663122,-3.8674985941277247,-0.020837464669040275,-0.021680096423529444
10.65,3.0988191387218147e-12,0.9030871853218492,2.225513152523224,-3.8466025395439054,-0.01796481441165216,-0.018713861382943824,2.234107099238777,-3.885083504604573,-0.020855883905876733,-0.021698320999916428
10.700000000000001,2.6230937696692855e-12,0.9030871853219918,2.2280814933251234,-3.8643487087470603,-0.018014601410074764,-0.018763949820125355,2.236650567510109,-3.9025768152652662,-0.020874598510260738,-0.021716858461531683
10.75,2.2204009386994852e-12,0.9030871853221125,2.2306468187402335,-3.8820409601109516,-0.018064261603084,-0.018813913661693736,2.239192466879085,-3.9200241324023826,-0.020893559930595697,-0.021735657595415854
10.8,1.8795288165390768e-12,0.9030871853222148,2.23320845197555,-3.899675243197244,-0.018113805216662372,-0.01886376340562873,2.241732280703835,-3.937422073217314,-0.020912832453964532,-0.021754784206060182
10.850000000000001,1.5909867946056101e-12,0.9030871853223015,2.2357512733797162,-3.9171490670372764,-0.01816301236416042,-0.018913278669703243,2.244255533824829,-3.9546717753943508,-0.020932470056553056,-0.021774297985833035
10.9,1.3467412461759494e-12,0.9030871853223745,2.238286663667209,-3.934541130083222,-0.01821208882396697,-0.018962666093261082,2.2467733204718465,-3.9718498925327457,-0.02095253283608707,-0.02179425659928564
10.950000000000001,1.1399918530443513e-12,0.9030871853224367,2.2408254677406596,-3.9519258369448917,-0.01826122562305633,-0.01901211749331524,2.249296210000365,-3.989028892658847,-0.020973075478144535,-0.021814712407025424
11.0,9.649822701262321e-13,0.9030871853224891,2.243347543752891,-3.969165045533052,-0.018310035479148588,-0.01906124343394202,2.2518043199190574,-4.006072794332747,-0.020993892177048095,-0.02183546131231738
11.05,8.168398565053126e-13,0.9030871853225337,2.245851199512706,-3.9862482837657343,-0.018358516609441055,-0.019110042130207644,2.2542959796412663,-4.022971171391166,-0.021014998650866146,-0.02185651927943348
11.100000000000001,6.914400106940154e-13,0.9030871853225715,2.2483504668420498,-4.003271998214517,-0.01840693468687781,-0.019158780538316197,2.256784947112407,-4.039818379253376,-0.021036510238424434,-0.021877999505484767
11.15,5.852913329106583e-13,0.9030871853226031,2.2508522728590568,-4.02028337138292,-0.018455411461264525,-0.01920758086684441,2.2592779429005776,-4.056660216728101,-0.021058456532171962,-0.021899929843905354
11.200000000000001,4.954384170457383e-13,0.9030871853226301,2.2533375743892177,-4.037153233261333,-0.018503640715590772,-0.01925613498889267,2.2617559489929637,-4.073368466089929,-0.021080646995528064,-0.02192211985066396
11.25,4.1937956583795446e-13,0.903087185322653,2.2558078122159775,-4.053891328200025,-0.018551608740786273,-0.01930442881367532,2.2642202388068227,-4.089952008391211,-0.021103007551163656,-0.021944493638239464
11.3,3.549971382743868e-13,0.9030871853226721,2.2582737140526254,-4.070570675270454,-0.01859950010293621,-0.019352647814715608,2.2666813486226376,-4.106482410770863,-0.02112560825134186,-0.02196711964338781
11.350000000000001,3.0049858993773446e-13,0.9030871853226884,2.2607389904635102,-4.0872169358396215,-0.018647417909292578,-0.019400895681839506,2.2691428934126407,-4.122984638914289,-0.02114850518526938,-0.021990053367224163
11.4,2.543665647376914e-13,0.9030871853227023,2.26318388608112,-4.103697400393933,-0.018695061520261087,-0.01944887002273975,2.2715851932739066,-4.139327227956549,-0.021171518427974267,-0.02201311538235897
11.450000000000001,2.153166484736608e-13,0.903087185322714,2.265618075092282,-4.120077917677725,-0.018742603523806224,-0.01949674434521091,2.2740177756043747,-4.155574851081652,-0.021194722647520932,-0.02203637915644189
11.5,1.8226160799765082e-13,0.903087185322724,2.268050113715022,-4.136415961854332,-0.018790153460099344,-0.019544628613567108,2.276449068723381,-4.17178395750469,-0.021218154130354792,-0.022059879745419207
11.55,1.5428112031918824e-13,0.9030871853227325,2.270473339470675,-4.152666725940648,-0.018837568610272,-0.01959237908059095,2.2788724084675316,-4.187910015278777,-0.021241714820643257,-0.022083518776846674
11.600000000000001,1.3059614884584267e-13,0.9030871853227393,2.272872632540202,-4.1687303942387075,-0.018884690067875208,-0.019639836148692587,2.2812727451635135,-4.203854206515147,-0.02126532078503975,-0.0221072130746782
11.65,1.1054725333910055e-13,0.9030871853227456,2.2752592792868094,-4.184683221183039,-0.018931712274667525,-0.01968719534531088,2.283661236390963,-4.219691636892918,-0.02128906732587639,-0.022131056928186014
11.700000000000001,9.357622968840141e-14,0.9030871853227505,2.277644217076333,-4.200598564536234,-0.018978818995241856,-0.01973464146721981,2.286048700378083,-4.235494586486603,-0.021313045746593387,-0.022155140716382613
11.75,7.92105683153985e-14,0.9030871853227551,2.2800218884768766,-4.216439777963153,-0.01902593611584451,-0.01978209997356858,2.288429590952495,-4.251226697039948,-0.02133721007467959,-0.02217941850905864
11.8,6.705029849718427e-14,0.9030871853227584,2.282366123756805,-4.232032853982367,-0.019072561418458117,-0.019829065353136246,2.290777903192835,-4.266715893085929,-0.021361262795958957,-0.022203593386568538
11.850000000000001,5.6756852326326823e-14,0.9030871853227617,2.2846941394201323,-4.247493875813078,-0.019119064347438344,-0.019875909480054736,2.293110699118992,-4.282076733264769,-0.02138541450994163,-0.022227875203880428
11.9,4.804363825655127e-14,0.9030871853227642,2.287017131721886,-4.262897506079718,-0.019165629141690014,-0.01992281764900605,2.295439069057024,-4.297382862900054,-0.02140976098715797,-0.022252358936447825
11.950000000000001,4.0668061781426024e-14,0.9030871853227664,2.289332818159164,-4.278229219913827,-0.019212210558829452,-0.019969744095070224,2.2977606447210044,-4.312619491637545,-0.021434300527525943,-0.022277042026356015
12.0,3.442477108469977e-14,0.9030871853227682,2.2916229597856645,-4.2933698562965334,-0.01925849956017396,-0.020016377431062802,2.3000571201359756,-4.327668053624745,-0.02145891920213716,-0.022301809564993107
12.05,2.913993960674106e-14,0.90308718532277,2.293894301476511,-4.308364083509741,-0.019304555857188314,-0.020062777572436297,2.302335198439531,-4.342572694066296,-0.02148362538078906,-0.022326669365987345
12.100000000000001,2.466642634152246e-14,0.9030871853227713,2.296156692214437,-4.323277066554501,-0.019350533842364622,-0.02010909986145575,2.3046046730902403,-4.35739785372295,-0.021508487573368467,-0.022351689550494346
12.15,2.0879679116459264e-14,0.9030871853227724,2.2984157937840157,-4.338146926819609,-0.019396553334321314,-0.02015546473143088,2.3068710721262526,-4.3721808240988,-0.02153360255259182,-0.022376965958555622
12.200000000000001,1.7674266793662948e-14,0.9030871853227733,2.300652728514394,-4.352851354859151,-0.019442241763034458,-0.02020149622218547,2.309115247925666,-4.38679911591539,-0.021558885107588358,-0.022402410431392593
12.25,1.496094384167675e-14,0.9030871853227741,2.30287630038235,-4.367448600492207,-0.01948775778646058,-0.020247354093908678,2.3113459773559377,-4.40131044200734,-0.0215844044343789,-0.022428092138619474
12.3,1.2664165549094131e-14,0.9030871853227749,2.305097185672825,-4.382008624605069,-0.01953329347384927,-0.020293231830423652,2.313573936435478,-4.4157842467078146,-0.021610237317256576,-0.022454088130259165
12.350000000000001,1.0719984698297479e-14,0.9030871853227755,2.307313284775607,-4.396516766991817,-0.019578716581150107,-0.020338996110608423,2.3157970587698156,-4.430206105675615,-0.021636276974879406,-0.02248029137027388
12.4,9.07427113821586e-15,0.9030871853227759,2.309509465997602,-4.410876691629704,-0.019623804967876076,-0.020384422663772425,2.317999940809029,-4.444479335544615,-0.02166252780229734,-0.022506703801828728
12.450000000000001,7.681204685202067e-15,0.9030871853227765,2.3116892327922187,-4.42511199644799,-0.01966863159105231,-0.020429584927459735,2.320186049552574,-4.458627230286033,-0.021689029512517867,-0.022533364966654274
12.5,6.501999391167728e-15,0.9030871853227769,2.313863523579439,-4.439293901809294,-0.019713399080119428,-0.02047468712259881,2.322366358367157,-4.472720632792556,-0.02171585567406376,-0.022560349057311628
12.55,5.503823659873374e-15,0.9030871853227771,2.3160419514429984,-4.453484621738722,-0.019758282130052082,-0.02051990531565691,2.3245505093003724,-4.4868214206425705,-0.021743070565851626,-0.022587720885152804
12.600000000000001,4.6588861451033646e-15,0.9030871853227774,2.3182092131890455,-4.467585745316963,-0.019802989282913918,-0.020564945579272156,2.326723065275728,-4.500831404712016,-0.02177057700285104,-0.02261538163789888
12.65,3.943661980176089e-15,0.9030871853227777,2.3203476727784405,-4.481483824914674,-0.019847149311542925,-0.020609433629305927,2.328866318369814,-4.514637713806234,-0.021798207383899832,-0.022643162299806986
12.700000000000001,3.338237795364998e-15,0.9030871853227777,2.322474909450053,-4.495293569297273,-0.019891137392399474,-0.02065374747474777,2.3309978832883016,-4.528354359907539,-0.02182614231761727,-0.02267124452333088
12.75,2.8257572871156114e-15,0.903087185322778,2.3246009028553494,-4.509079442217124,-0.019935130966657208,-0.02069806586736757,2.333127803129076,-4.542045584067177,-0.02185444601540143,-0.022699693277948407
12.8,2.3919519025198333e-15,0.903087185322778,2.3267273069685768,-4.5228523990805325,-0.019979158783933186,-0.020742417637590133,2.3352577328011863,-4.555722274033473,-0.02188313626236258,-0.022728526353854552
12.850000000000001,2.0247435723003653e-15,0.903087185322778,2.328829441234563,-4.536455686012582,-0.020022794370336532,-0.020786372607617017,2.3373627954796117,-4.569228102555002,-0.021912088148175402,-0.022757616491894565
12.9,1.7139084315420132e-15,0.9030871853227781,2.3309115319426454,-4.549916357711016,-0.020066098740998402,-0.020829992495640368,2.339447256175741,-4.582590098195668,-0.021941292371614407,-0.022786954835203422
12.950000000000001,1.4507921654362433e-15,0.9030871853227782,2.3329797914231962,-4.5632735375737425,-0.020109157765989316,-0.02087336421235563,2.34151738613365,-4.5958473468678305,-0.021970734175726703,-0.022816527301927087
13.0,1.2280690546562634e-15,0.9030871853227784,2.335048804627708,-4.576621814693863,-0.020152256217572453,-0.0209167742412609,2.3435878570237083,-4.609094060021404,-0.02200056490210461,-0.022846486262485304
